slice_file_name,classID,class
scream0.wav,1,scream
scream1.wav,1,scream
scream2.wav,1,scream
scream3.wav,1,scream
scream4.wav,1,scream
scream5.wav,1,scream
scream6.wav,1,scream
scream7.wav,1,scream
scream8.wav,1,scream
scream9.wav,1,scream
scream10.wav,1,scream
scream11.wav,1,scream
scream12.wav,1,scream
scream13.wav,1,scream
scream14.wav,1,scream
scream15.wav,1,scream
scream16.wav,1,scream
scream17.wav,1,scream
scream18.wav,1,scream
scream19.wav,1,scream
scream20.wav,1,scream
scream21.wav,1,scream
scream22.wav,1,scream
scream23.wav,1,scream
scream24.wav,1,scream
scream25.wav,1,scream
scream26.wav,1,scream
scream27.wav,1,scream
scream28.wav,1,scream
scream29.wav,1,scream
scream30.wav,1,scream
scream31.wav,1,scream
scream32.wav,1,scream
scream33.wav,1,scream
scream34.wav,1,scream
scream35.wav,1,scream
scream36.wav,1,scream
scream37.wav,1,scream
scream38.wav,1,scream
scream39.wav,1,scream
scream40.wav,1,scream
scream41.wav,1,scream
scream42.wav,1,scream
scream43.wav,1,scream
scream44.wav,1,scream
scream45.wav,1,scream
scream46.wav,1,scream
scream47.wav,1,scream
scream48.wav,1,scream
scream49.wav,1,scream
scream50.wav,1,scream
scream51.wav,1,scream
scream52.wav,1,scream
scream53.wav,1,scream
scream54.wav,1,scream
scream55.wav,1,scream
scream56.wav,1,scream
scream57.wav,1,scream
scream58.wav,1,scream
scream59.wav,1,scream
scream60.wav,1,scream
scream61.wav,1,scream
scream62.wav,1,scream
scream63.wav,1,scream
scream64.wav,1,scream
scream65.wav,1,scream
scream66.wav,1,scream
scream67.wav,1,scream
scream68.wav,1,scream
scream69.wav,1,scream
scream70.wav,1,scream
scream71.wav,1,scream
scream72.wav,1,scream
scream73.wav,1,scream
scream74.wav,1,scream
scream75.wav,1,scream
scream76.wav,1,scream
scream77.wav,1,scream
scream78.wav,1,scream
scream79.wav,1,scream
scream80.wav,1,scream
scream81.wav,1,scream
scream82.wav,1,scream
scream83.wav,1,scream
scream84.wav,1,scream
scream85.wav,1,scream
scream86.wav,1,scream
scream87.wav,1,scream
scream88.wav,1,scream
scream89.wav,1,scream
scream90.wav,1,scream
scream91.wav,1,scream
scream92.wav,1,scream
scream93.wav,1,scream
scream94.wav,1,scream
scream95.wav,1,scream
scream96.wav,1,scream
scream97.wav,1,scream
scream98.wav,1,scream
scream99.wav,1,scream
scream100.wav,1,scream
scream101.wav,1,scream
scream102.wav,1,scream
scream103.wav,1,scream
scream104.wav,1,scream
scream105.wav,1,scream
scream106.wav,1,scream
scream107.wav,1,scream
scream108.wav,1,scream
scream109.wav,1,scream
scream110.wav,1,scream
scream111.wav,1,scream
scream112.wav,1,scream
scream113.wav,1,scream
scream114.wav,1,scream
scream115.wav,1,scream
scream116.wav,1,scream
scream117.wav,1,scream
scream118.wav,1,scream
scream119.wav,1,scream
scream120.wav,1,scream
scream121.wav,1,scream
scream122.wav,1,scream
scream123.wav,1,scream
scream124.wav,1,scream
scream125.wav,1,scream
scream126.wav,1,scream
scream127.wav,1,scream
scream128.wav,1,scream
scream129.wav,1,scream
scream130.wav,1,scream
scream131.wav,1,scream
scream132.wav,1,scream
scream133.wav,1,scream
scream134.wav,1,scream
scream135.wav,1,scream
scream136.wav,1,scream
scream137.wav,1,scream
scream138.wav,1,scream
scream139.wav,1,scream
scream140.wav,1,scream
scream141.wav,1,scream
scream142.wav,1,scream
scream143.wav,1,scream
scream144.wav,1,scream
scream145.wav,1,scream
scream146.wav,1,scream
scream147.wav,1,scream
scream148.wav,1,scream
scream149.wav,1,scream
scream150.wav,1,scream
scream151.wav,1,scream
scream152.wav,1,scream
scream153.wav,1,scream
scream154.wav,1,scream
scream155.wav,1,scream
scream156.wav,1,scream
scream157.wav,1,scream
scream158.wav,1,scream
scream159.wav,1,scream
scream160.wav,1,scream
scream161.wav,1,scream
scream162.wav,1,scream
scream163.wav,1,scream
scream164.wav,1,scream
scream165.wav,1,scream
scream166.wav,1,scream
scream167.wav,1,scream
scream168.wav,1,scream
scream169.wav,1,scream
scream170.wav,1,scream
scream171.wav,1,scream
scream172.wav,1,scream
scream173.wav,1,scream
scream174.wav,1,scream
scream175.wav,1,scream
scream176.wav,1,scream
scream177.wav,1,scream
scream178.wav,1,scream
scream179.wav,1,scream
scream180.wav,1,scream
scream181.wav,1,scream
scream182.wav,1,scream
scream183.wav,1,scream
scream184.wav,1,scream
scream185.wav,1,scream
scream186.wav,1,scream
scream187.wav,1,scream
scream188.wav,1,scream
scream189.wav,1,scream
scream190.wav,1,scream
scream191.wav,1,scream
scream192.wav,1,scream
scream193.wav,1,scream
scream194.wav,1,scream
scream195.wav,1,scream
scream196.wav,1,scream
scream197.wav,1,scream
scream198.wav,1,scream
scream199.wav,1,scream
scream200.wav,1,scream
scream201.wav,1,scream
scream202.wav,1,scream
scream203.wav,1,scream
scream204.wav,1,scream
scream205.wav,1,scream
scream206.wav,1,scream
scream207.wav,1,scream
scream208.wav,1,scream
scream209.wav,1,scream
scream210.wav,1,scream
scream211.wav,1,scream
scream212.wav,1,scream
scream213.wav,1,scream
scream214.wav,1,scream
scream215.wav,1,scream
scream216.wav,1,scream
scream217.wav,1,scream
scream218.wav,1,scream
scream219.wav,1,scream
scream220.wav,1,scream
scream221.wav,1,scream
scream222.wav,1,scream
scream223.wav,1,scream
scream224.wav,1,scream
scream225.wav,1,scream
scream226.wav,1,scream
scream227.wav,1,scream
scream228.wav,1,scream
scream229.wav,1,scream
scream230.wav,1,scream
scream231.wav,1,scream
scream232.wav,1,scream
scream233.wav,1,scream
scream234.wav,1,scream
scream235.wav,1,scream
scream236.wav,1,scream
scream237.wav,1,scream
scream238.wav,1,scream
scream239.wav,1,scream
scream240.wav,1,scream
scream241.wav,1,scream
scream242.wav,1,scream
scream243.wav,1,scream
scream244.wav,1,scream
scream245.wav,1,scream
scream246.wav,1,scream
scream247.wav,1,scream
scream248.wav,1,scream
scream249.wav,1,scream
scream250.wav,1,scream
scream251.wav,1,scream
scream252.wav,1,scream
scream253.wav,1,scream
scream254.wav,1,scream
scream255.wav,1,scream
scream256.wav,1,scream
scream257.wav,1,scream
scream258.wav,1,scream
scream259.wav,1,scream
scream260.wav,1,scream
scream261.wav,1,scream
scream262.wav,1,scream
scream263.wav,1,scream
scream264.wav,1,scream
scream265.wav,1,scream
scream266.wav,1,scream
scream267.wav,1,scream
scream268.wav,1,scream
scream269.wav,1,scream
scream270.wav,1,scream
scream271.wav,1,scream
scream272.wav,1,scream
scream273.wav,1,scream
scream274.wav,1,scream
scream275.wav,1,scream
scream276.wav,1,scream
scream277.wav,1,scream
scream278.wav,1,scream
scream279.wav,1,scream
scream280.wav,1,scream
scream281.wav,1,scream
scream282.wav,1,scream
scream283.wav,1,scream
scream284.wav,1,scream
scream285.wav,1,scream
scream286.wav,1,scream
scream287.wav,1,scream
scream288.wav,1,scream
scream289.wav,1,scream
scream290.wav,1,scream
scream291.wav,1,scream
scream292.wav,1,scream
scream293.wav,1,scream
scream294.wav,1,scream
scream295.wav,1,scream
scream296.wav,1,scream
scream297.wav,1,scream
scream298.wav,1,scream
scream299.wav,1,scream
scream300.wav,1,scream
scream301.wav,1,scream
scream302.wav,1,scream
scream303.wav,1,scream
scream304.wav,1,scream
scream305.wav,1,scream
scream306.wav,1,scream
scream307.wav,1,scream
scream308.wav,1,scream
scream309.wav,1,scream
scream310.wav,1,scream
scream311.wav,1,scream
scream312.wav,1,scream
scream313.wav,1,scream
scream314.wav,1,scream
scream315.wav,1,scream
scream316.wav,1,scream
scream317.wav,1,scream
scream318.wav,1,scream
scream319.wav,1,scream
scream320.wav,1,scream
scream321.wav,1,scream
scream322.wav,1,scream
scream323.wav,1,scream
scream324.wav,1,scream
scream325.wav,1,scream
scream326.wav,1,scream
scream327.wav,1,scream
scream328.wav,1,scream
scream329.wav,1,scream
scream330.wav,1,scream
scream331.wav,1,scream
scream332.wav,1,scream
scream333.wav,1,scream
scream334.wav,1,scream
scream335.wav,1,scream
scream336.wav,1,scream
scream337.wav,1,scream
scream338.wav,1,scream
scream339.wav,1,scream
scream340.wav,1,scream
scream341.wav,1,scream
scream342.wav,1,scream
scream343.wav,1,scream
scream344.wav,1,scream
scream345.wav,1,scream
scream346.wav,1,scream
scream347.wav,1,scream
scream348.wav,1,scream
scream349.wav,1,scream
scream350.wav,1,scream
scream351.wav,1,scream
scream352.wav,1,scream
scream353.wav,1,scream
scream354.wav,1,scream
scream355.wav,1,scream
scream356.wav,1,scream
scream357.wav,1,scream
scream358.wav,1,scream
scream359.wav,1,scream
scream360.wav,1,scream
scream361.wav,1,scream
scream362.wav,1,scream
scream363.wav,1,scream
scream364.wav,1,scream
scream365.wav,1,scream
scream366.wav,1,scream
scream367.wav,1,scream
scream368.wav,1,scream
scream369.wav,1,scream
scream370.wav,1,scream
scream371.wav,1,scream
scream372.wav,1,scream
scream373.wav,1,scream
scream374.wav,1,scream
scream375.wav,1,scream
scream376.wav,1,scream
scream377.wav,1,scream
scream378.wav,1,scream
scream379.wav,1,scream
scream380.wav,1,scream
scream381.wav,1,scream
scream382.wav,1,scream
scream383.wav,1,scream
scream384.wav,1,scream
scream385.wav,1,scream
scream386.wav,1,scream
scream387.wav,1,scream
scream388.wav,1,scream
scream389.wav,1,scream
scream390.wav,1,scream
scream391.wav,1,scream
scream392.wav,1,scream
scream393.wav,1,scream
scream394.wav,1,scream
scream395.wav,1,scream
scream396.wav,1,scream
scream397.wav,1,scream
scream398.wav,1,scream
scream399.wav,1,scream
notscream0.wav,0,notscream
notscream1.wav,0,notscream
notscream2.wav,0,notscream
notscream3.wav,0,notscream
notscream4.wav,0,notscream
notscream5.wav,0,notscream
notscream6.wav,0,notscream
notscream7.wav,0,notscream
notscream8.wav,0,notscream
notscream9.wav,0,notscream
notscream10.wav,0,notscream
notscream11.wav,0,notscream
notscream12.wav,0,notscream
notscream13.wav,0,notscream
notscream14.wav,0,notscream
notscream15.wav,0,notscream
notscream16.wav,0,notscream
notscream17.wav,0,notscream
notscream18.wav,0,notscream
notscream19.wav,0,notscream
notscream20.wav,0,notscream
notscream21.wav,0,notscream
notscream22.wav,0,notscream
notscream23.wav,0,notscream
notscream24.wav,0,notscream
notscream25.wav,0,notscream
notscream26.wav,0,notscream
notscream27.wav,0,notscream
notscream28.wav,0,notscream
notscream29.wav,0,notscream
notscream30.wav,0,notscream
notscream31.wav,0,notscream
notscream32.wav,0,notscream
notscream33.wav,0,notscream
notscream34.wav,0,notscream
notscream35.wav,0,notscream
notscream36.wav,0,notscream
notscream37.wav,0,notscream
notscream38.wav,0,notscream
notscream39.wav,0,notscream
notscream40.wav,0,notscream
notscream41.wav,0,notscream
notscream42.wav,0,notscream
notscream43.wav,0,notscream
notscream44.wav,0,notscream
notscream45.wav,0,notscream
notscream46.wav,0,notscream
notscream47.wav,0,notscream
notscream48.wav,0,notscream
notscream49.wav,0,notscream
notscream50.wav,0,notscream
notscream51.wav,0,notscream
notscream52.wav,0,notscream
notscream53.wav,0,notscream
notscream54.wav,0,notscream
notscream55.wav,0,notscream
notscream56.wav,0,notscream
notscream57.wav,0,notscream
notscream58.wav,0,notscream
notscream59.wav,0,notscream
notscream60.wav,0,notscream
notscream61.wav,0,notscream
notscream62.wav,0,notscream
notscream63.wav,0,notscream
notscream64.wav,0,notscream
notscream65.wav,0,notscream
notscream66.wav,0,notscream
notscream67.wav,0,notscream
notscream68.wav,0,notscream
notscream69.wav,0,notscream
notscream70.wav,0,notscream
notscream71.wav,0,notscream
notscream72.wav,0,notscream
notscream73.wav,0,notscream
notscream74.wav,0,notscream
notscream75.wav,0,notscream
notscream76.wav,0,notscream
notscream77.wav,0,notscream
notscream78.wav,0,notscream
notscream79.wav,0,notscream
notscream80.wav,0,notscream
notscream81.wav,0,notscream
notscream82.wav,0,notscream
notscream83.wav,0,notscream
notscream84.wav,0,notscream
notscream85.wav,0,notscream
notscream86.wav,0,notscream
notscream87.wav,0,notscream
notscream88.wav,0,notscream
notscream89.wav,0,notscream
notscream90.wav,0,notscream
notscream91.wav,0,notscream
notscream92.wav,0,notscream
notscream93.wav,0,notscream
notscream94.wav,0,notscream
notscream95.wav,0,notscream
notscream96.wav,0,notscream
notscream97.wav,0,notscream
notscream98.wav,0,notscream
notscream99.wav,0,notscream
notscream100.wav,0,notscream
notscream101.wav,0,notscream
notscream102.wav,0,notscream
notscream103.wav,0,notscream
notscream104.wav,0,notscream
notscream105.wav,0,notscream
notscream106.wav,0,notscream
notscream107.wav,0,notscream
notscream108.wav,0,notscream
notscream109.wav,0,notscream
notscream110.wav,0,notscream
notscream111.wav,0,notscream
notscream112.wav,0,notscream
notscream113.wav,0,notscream
notscream114.wav,0,notscream
notscream115.wav,0,notscream
notscream116.wav,0,notscream
notscream117.wav,0,notscream
notscream118.wav,0,notscream
notscream119.wav,0,notscream
notscream120.wav,0,notscream
notscream121.wav,0,notscream
notscream122.wav,0,notscream
notscream123.wav,0,notscream
notscream124.wav,0,notscream
notscream125.wav,0,notscream
notscream126.wav,0,notscream
notscream127.wav,0,notscream
notscream128.wav,0,notscream
notscream129.wav,0,notscream
notscream130.wav,0,notscream
notscream131.wav,0,notscream
notscream132.wav,0,notscream
notscream133.wav,0,notscream
notscream134.wav,0,notscream
notscream135.wav,0,notscream
notscream136.wav,0,notscream
notscream137.wav,0,notscream
notscream138.wav,0,notscream
notscream139.wav,0,notscream
notscream140.wav,0,notscream
notscream141.wav,0,notscream
notscream142.wav,0,notscream
notscream143.wav,0,notscream
notscream144.wav,0,notscream
notscream145.wav,0,notscream
notscream146.wav,0,notscream
notscream147.wav,0,notscream
notscream148.wav,0,notscream
notscream149.wav,0,notscream
notscream150.wav,0,notscream
notscream151.wav,0,notscream
notscream152.wav,0,notscream
notscream153.wav,0,notscream
notscream154.wav,0,notscream
notscream155.wav,0,notscream
notscream156.wav,0,notscream
notscream157.wav,0,notscream
notscream158.wav,0,notscream
notscream159.wav,0,notscream
notscream160.wav,0,notscream
notscream161.wav,0,notscream
notscream162.wav,0,notscream
notscream163.wav,0,notscream
notscream164.wav,0,notscream
notscream165.wav,0,notscream
notscream166.wav,0,notscream
notscream167.wav,0,notscream
notscream168.wav,0,notscream
notscream169.wav,0,notscream
notscream170.wav,0,notscream
notscream171.wav,0,notscream
notscream172.wav,0,notscream
notscream173.wav,0,notscream
notscream174.wav,0,notscream
notscream175.wav,0,notscream
notscream176.wav,0,notscream
notscream177.wav,0,notscream
notscream178.wav,0,notscream
notscream179.wav,0,notscream
notscream180.wav,0,notscream
notscream181.wav,0,notscream
notscream182.wav,0,notscream
notscream183.wav,0,notscream
notscream184.wav,0,notscream
notscream185.wav,0,notscream
notscream186.wav,0,notscream
notscream187.wav,0,notscream
notscream188.wav,0,notscream
notscream189.wav,0,notscream
notscream190.wav,0,notscream
notscream191.wav,0,notscream
notscream192.wav,0,notscream
notscream193.wav,0,notscream
notscream194.wav,0,notscream
notscream195.wav,0,notscream
notscream196.wav,0,notscream
notscream197.wav,0,notscream
notscream198.wav,0,notscream
notscream199.wav,0,notscream
notscream200.wav,0,notscream
notscream201.wav,0,notscream
notscream202.wav,0,notscream
notscream203.wav,0,notscream
notscream204.wav,0,notscream
notscream205.wav,0,notscream
notscream206.wav,0,notscream
notscream207.wav,0,notscream
notscream208.wav,0,notscream
notscream209.wav,0,notscream
notscream210.wav,0,notscream
notscream211.wav,0,notscream
notscream212.wav,0,notscream
notscream213.wav,0,notscream
notscream214.wav,0,notscream
notscream215.wav,0,notscream
notscream216.wav,0,notscream
notscream217.wav,0,notscream
notscream218.wav,0,notscream
notscream219.wav,0,notscream
notscream220.wav,0,notscream
notscream221.wav,0,notscream
notscream222.wav,0,notscream
notscream223.wav,0,notscream
notscream224.wav,0,notscream
notscream225.wav,0,notscream
notscream226.wav,0,notscream
notscream227.wav,0,notscream
notscream228.wav,0,notscream
notscream229.wav,0,notscream
notscream230.wav,0,notscream
notscream231.wav,0,notscream
notscream232.wav,0,notscream
notscream233.wav,0,notscream
notscream234.wav,0,notscream
notscream235.wav,0,notscream
notscream236.wav,0,notscream
notscream237.wav,0,notscream
notscream238.wav,0,notscream
notscream239.wav,0,notscream
notscream240.wav,0,notscream
notscream241.wav,0,notscream
notscream242.wav,0,notscream
notscream243.wav,0,notscream
notscream244.wav,0,notscream
notscream245.wav,0,notscream
notscream246.wav,0,notscream
notscream247.wav,0,notscream
notscream248.wav,0,notscream
notscream249.wav,0,notscream
notscream250.wav,0,notscream
notscream251.wav,0,notscream
notscream252.wav,0,notscream
notscream253.wav,0,notscream
notscream254.wav,0,notscream
notscream255.wav,0,notscream
notscream256.wav,0,notscream
notscream257.wav,0,notscream
notscream258.wav,0,notscream
notscream259.wav,0,notscream
notscream260.wav,0,notscream
notscream261.wav,0,notscream
notscream262.wav,0,notscream
notscream263.wav,0,notscream
notscream264.wav,0,notscream
notscream265.wav,0,notscream
notscream266.wav,0,notscream
notscream267.wav,0,notscream
notscream268.wav,0,notscream
notscream269.wav,0,notscream
notscream270.wav,0,notscream
notscream271.wav,0,notscream
notscream272.wav,0,notscream
notscream273.wav,0,notscream
notscream274.wav,0,notscream
notscream275.wav,0,notscream
notscream276.wav,0,notscream
notscream277.wav,0,notscream
notscream278.wav,0,notscream
notscream279.wav,0,notscream
notscream280.wav,0,notscream
notscream281.wav,0,notscream
notscream282.wav,0,notscream
notscream283.wav,0,notscream
notscream284.wav,0,notscream
notscream285.wav,0,notscream
notscream286.wav,0,notscream
notscream287.wav,0,notscream
notscream288.wav,0,notscream
notscream289.wav,0,notscream
notscream290.wav,0,notscream
notscream291.wav,0,notscream
notscream292.wav,0,notscream
notscream293.wav,0,notscream
notscream294.wav,0,notscream
notscream295.wav,0,notscream
notscream296.wav,0,notscream
notscream297.wav,0,notscream
notscream298.wav,0,notscream
notscream299.wav,0,notscream
notscream300.wav,0,notscream
notscream301.wav,0,notscream
notscream302.wav,0,notscream
notscream303.wav,0,notscream
notscream304.wav,0,notscream
notscream305.wav,0,notscream
notscream306.wav,0,notscream
notscream307.wav,0,notscream
notscream308.wav,0,notscream
notscream309.wav,0,notscream
notscream310.wav,0,notscream
notscream311.wav,0,notscream
notscream312.wav,0,notscream
notscream313.wav,0,notscream
notscream314.wav,0,notscream
notscream315.wav,0,notscream
notscream316.wav,0,notscream
notscream317.wav,0,notscream
notscream318.wav,0,notscream
notscream319.wav,0,notscream
notscream320.wav,0,notscream
notscream321.wav,0,notscream
notscream322.wav,0,notscream
notscream323.wav,0,notscream
notscream324.wav,0,notscream
notscream325.wav,0,notscream
notscream326.wav,0,notscream
notscream327.wav,0,notscream
notscream328.wav,0,notscream
notscream329.wav,0,notscream
notscream330.wav,0,notscream
notscream331.wav,0,notscream
notscream332.wav,0,notscream
notscream333.wav,0,notscream
notscream334.wav,0,notscream
notscream335.wav,0,notscream
notscream336.wav,0,notscream
notscream337.wav,0,notscream
notscream338.wav,0,notscream
notscream339.wav,0,notscream
notscream340.wav,0,notscream
notscream341.wav,0,notscream
notscream342.wav,0,notscream
notscream343.wav,0,notscream
notscream344.wav,0,notscream
notscream345.wav,0,notscream
notscream346.wav,0,notscream
notscream347.wav,0,notscream
notscream348.wav,0,notscream
notscream349.wav,0,notscream
notscream350.wav,0,notscream
notscream351.wav,0,notscream
notscream352.wav,0,notscream
notscream353.wav,0,notscream
notscream354.wav,0,notscream
notscream355.wav,0,notscream
notscream356.wav,0,notscream
notscream357.wav,0,notscream
notscream358.wav,0,notscream
notscream359.wav,0,notscream
notscream360.wav,0,notscream
notscream361.wav,0,notscream
notscream362.wav,0,notscream
notscream363.wav,0,notscream
notscream364.wav,0,notscream
notscream365.wav,0,notscream
notscream366.wav,0,notscream
notscream367.wav,0,notscream
notscream368.wav,0,notscream
notscream369.wav,0,notscream
notscream370.wav,0,notscream
notscream371.wav,0,notscream
notscream372.wav,0,notscream
notscream373.wav,0,notscream
notscream374.wav,0,notscream
notscream375.wav,0,notscream
notscream376.wav,0,notscream
notscream377.wav,0,notscream
notscream378.wav,0,notscream
notscream379.wav,0,notscream
notscream380.wav,0,notscream
notscream381.wav,0,notscream
notscream382.wav,0,notscream
notscream383.wav,0,notscream
notscream384.wav,0,notscream
notscream385.wav,0,notscream
notscream386.wav,0,notscream
notscream387.wav,0,notscream
notscream388.wav,0,notscream
notscream389.wav,0,notscream
notscream390.wav,0,notscream
notscream391.wav,0,notscream
notscream392.wav,0,notscream
notscream393.wav,0,notscream
notscream394.wav,0,notscream
notscream395.wav,0,notscream
notscream396.wav,0,notscream
notscream397.wav,0,notscream
notscream398.wav,0,notscream
notscream399.wav,0,notscream
notscream400.wav,0,notscream
notscream401.wav,0,notscream
notscream402.wav,0,notscream
notscream403.wav,0,notscream
notscream404.wav,0,notscream
notscream405.wav,0,notscream
notscream406.wav,0,notscream
notscream407.wav,0,notscream
notscream408.wav,0,notscream
notscream409.wav,0,notscream
notscream410.wav,0,notscream
notscream411.wav,0,notscream
notscream412.wav,0,notscream
notscream413.wav,0,notscream
notscream414.wav,0,notscream
notscream415.wav,0,notscream
notscream416.wav,0,notscream
notscream417.wav,0,notscream
notscream418.wav,0,notscream
notscream419.wav,0,notscream
notscream420.wav,0,notscream
notscream421.wav,0,notscream
notscream422.wav,0,notscream
notscream423.wav,0,notscream
notscream424.wav,0,notscream
notscream425.wav,0,notscream
notscream426.wav,0,notscream